meeting_date,topic,notes_text
2026-03-06,Q3 budget,Agreed to defer the new hire to Q4; Priya to revise the forecast by Friday.
2026-06-01,Hiring plan,Decided to renew the analytics vendor for one year; Sam to negotiate the rate.
2026-06-09,Product roadmap,"Open item: accessibility audit still unscheduled, owner to be assigned next week."
2026-06-10,Vendor review,Approved the pilot for two departments; Dana will draft the rollout plan.
2026-06-23,Sprint retro,Concern raised about timeline slipping; team to re-scope the milestone by Tuesday.
2026-06-05,Q3 budget,Action: Lee to circulate the survey draft for comments before the next meeting.
2026-04-10,Hiring plan,We agreed not to expand scope this quarter and to revisit in planning.
2026-04-02,Product roadmap,Backlog grooming moved to Thursdays; Mara to update the calendar invite.
2026-03-24,Vendor review,Decision: sunset the legacy form in June; Chris to notify affected users.
2026-05-02,Sprint retro,Follow-up: finance needs the updated headcount numbers by end of month.
2026-03-19,Q3 budget,Agreed to defer the new hire to Q4; Priya to revise the forecast by Friday.
2026-06-17,Hiring plan,Decided to renew the analytics vendor for one year; Sam to negotiate the rate.
2026-04-02,Product roadmap,"Open item: accessibility audit still unscheduled, owner to be assigned next week."
2026-03-28,Vendor review,Approved the pilot for two departments; Dana will draft the rollout plan.
2026-04-03,Sprint retro,Concern raised about timeline slipping; team to re-scope the milestone by Tuesday.
2026-03-22,Q3 budget,Action: Lee to circulate the survey draft for comments before the next meeting.
2026-04-13,Hiring plan,We agreed not to expand scope this quarter and to revisit in planning.
2026-03-19,Product roadmap,Backlog grooming moved to Thursdays; Mara to update the calendar invite.
2026-04-19,Vendor review,Decision: sunset the legacy form in June; Chris to notify affected users.
2026-03-20,Sprint retro,Follow-up: finance needs the updated headcount numbers by end of month.
